category,爱情,女朋友○男朋友 /女朋友。男朋友 / 女朋友＊男朋友,2012-08-03(台湾) / 桂纶镁 / 张孝全 / 凤小岳 / 张书豪 / 台湾 / www.gfbf-movie.com / 杨雅喆 / 105分钟 / 剧情 / 爱情 / 同性 / 杨雅喆 Ya-che Yang / 闽南语 / 汉语普通话,7.5
category,爱情,安娜·卡列尼娜,2012-09-07(英国) / 2012-10-16(中国大陆) / 凯拉·奈特莉 / 裘德·洛 / 米歇尔·道克瑞 / 凯莉·麦克唐纳 / 亚伦·泰勒-约翰逊 / 艾米丽·沃森 / 马修·麦克费登 / 奥莉维亚·威廉姆斯 / 露丝·威尔森 / 艾丽西卡·维坎德 / 多姆纳尔·格利森 / 英国...,7.2
category,爱情,恋恋书中人 /书中字有梦女神(港) / 客制化女神(台),2012-07-25(美国) / 保罗·达诺 / 佐伊·卡赞 / 安妮特·贝宁 / 克里斯·梅西纳 / 安东尼奥·班德拉斯 / 阿西夫·曼德维 / 史蒂夫·库根 / 托尼·特拉克斯 / 黛博拉·安沃尔 / 美国 / 乔纳森·戴顿 / 维莱莉·法瑞斯 / 104分钟 / 恋恋书中人 / 喜剧...,7.5
category,爱情,泰坦尼克号 /铁达尼号(港/台) / 泰坦尼克号,1997-12-19(美国) / 1998-04-03(中国大陆) / 莱昂纳多·迪卡普里奥 / 凯特·温丝莱特 / 比利·赞恩 / 凯西·贝茨 / 弗兰西丝·费舍 / 格劳瑞亚·斯图尔特 / 苏茜·爱米斯 / 比尔·帕克斯顿 / 伯纳德·希尔 / 维克多·加博 / 伊万·斯图尔特 / 詹姆斯·卡梅隆...,8.9
category,爱情,一天 /真爱挑日子(台) / 情约1天(港),2011-08-19(美国) / 2012(中国大陆) / 安妮·海瑟薇 / 吉姆·斯特吉斯 / 萝玛拉·嘉瑞 / 派翠西娅·克拉克森 / 拉菲·斯波 / 肯·斯托特 / 美国 / 英国 / 罗勒·莎菲 / 107分钟 / 一天 / 剧情 / 爱情 / 大卫·尼克尔森 David Nicholls / 英语,7.4
category,爱情,怦然心动 /萌动青春 / 青春萌动,2010-08-06(美国) / 玛德琳·卡罗尔 / 卡兰·麦克奥利菲 / 瑞贝卡·德·莫妮 / 安东尼·爱德华兹 / 约翰·马奥尼 / 佩内洛普·安·米勒 / 艾丹·奎因 / 凯文·韦斯曼 / 摩根·莉莉 / 美国 / 罗伯·莱纳 / USA: 90 分钟 / 怦然心动 / 剧情 / 喜剧 / 爱情...,8.8
category,爱情,危险关系 /Dangerous Liaisons,2012-09-27(中国大陆) / 章子怡 / 张东健 / 张柏芝 / 窦骁 / 卢燕 / 王奕瑾 / 中国大陆 / 韩国 / 新加坡 / 许秦豪 / 110分钟 / 剧情 / 爱情 / 严歌苓 Geling Yan / 拉克洛 Choderlos de Laclos / 汉语普通话,5.5
category,爱情,失恋33天 /Love is Not Blind / 黄了一个来月(豆友译名),2011-11-08(中国大陆) / 文章 / 白百何 / 张子萱 / 王耀庆 / 郭京飞 / 张嘉译 / 海清 / 廖凡 / 马伊琍 / 姚笛 / 张默 / 李晨 / 张歆艺 / 陈羽凡 / 魏宗万 / 李念 / 中国大陆 / 滕华涛 / 110分钟 / 144分钟(加长版) / 剧情 / 爱情 / 鲍鲸鲸 Jingjing Bao...,7.3
category,爱情,那些年，我们一起追的女孩 /You Are the Apple of My Eye / 나사년, 아문일기추적녀해,2011-08-19(台湾) / 2011-10-20(香港) / 2012-01-06(中国大陆) / 柯震东 / 陈妍希 / 敖犬 / 郝邵文 / 蔡昌宪 / 鄢胜宇 / 弯弯 / 邱彦翔 / 台湾 / www.appleofmyeye.com.tw / 九把刀 / 110分钟(港澳台) / 100分钟(中国大陆) / 那些年，我们一起追的女孩 / 剧情...,8.2
category,爱情,爱在罗马 /情迷罗马(港) / 爱上罗马(台),2012-07-06(美国) / 杰西·艾森伯格 / 艾伦·佩吉 / 佩妮洛普·克鲁兹 / 亚历克·鲍德温 / 罗伯托·贝尼尼 / 伍迪·艾伦 / 朱迪·戴维斯 / 弗拉维奥·帕伦蒂 / 里卡多·斯卡马里奥 / 格蕾塔·葛韦格 / 艾丽森·皮尔 / 美国 / 意大利 / 西班牙 /...,7.5
category,爱情,初恋这件小事 /初恋那件小事(港) / 暗恋那点小事,2010-08-12(泰国) / 2012-06-05(中国大陆) / 马里奥·毛瑞尔 / 平采娜·乐维瑟派布恩 / 苏达拉·布查蓬 / 泰国 / 普特鹏·普罗萨卡·那·萨克那卡林 / 华森·波克彭 / 118分钟(泰国) / 100分钟(中国大陆) / 初恋这件小事 / 喜剧 / 爱情 / Puttipong Promsaka...,8.2
category,爱情,恋恋笔记本 /深情日记 / 写我情真,2004-06-25(美国) / 瑞恩·高斯林 / 瑞秋·麦克亚当斯 / 詹姆斯·加纳 / 吉娜·罗兰兹 / 琼·艾伦 / 詹姆斯·麦斯登 / 美国 / 葡萄牙 / www.thenotebookmovie.com / 尼克·卡索维茨 / 123 分钟 / 恋恋笔记本 / 剧情 / 爱情 / Jan Sardi / 杰里米·莱文 Jeremy...,8.4
category,爱情,浮城谜事 /谜 / Mystery,2012-10-19(中国大陆) / 郝蕾 / 秦昊 / 齐溪 / 朱亚文 / 祖峰 / 常方源 / 瞿颖 / 中国大陆 / 法国 / 娄烨 / 97分钟 / 爱情 / 梅峰 Feng Mei / 娄烨 Ye Lou / 于帆 / 汉语普通话,7.1
category,爱情,二次曝光 /2次曝光 / Double xposure,2012-09-29(中国大陆) / 范冰冰 / 冯绍峰 / 霍思燕 / 陈冲 / 孔维 / 姚安濂 / 梁静 / 方励 / 中国大陆 / www.2xposure.com / 李玉 / 106分钟 / 剧情 / 爱情 / 悬疑 / 李玉 Yu Li / 方励 Li Fang / 汉语普通话,6.0
category,爱情,画皮2 /转生术(台) / Painted Skin: The Resurrection,2012-06-28(中国大陆) / 周迅 / 赵薇 / 陈坤 / 冯绍峰 / 杨幂 / 费翔 / 陈廷嘉 / 鲁诺 / 中国大陆 / 香港 / 乌尔善 / 135分钟 / 画皮2 / 动作 / 爱情 / 奇幻 / 惊悚 / 冉平 Ping Ran / 冉甲男 Jia-nan Ran / 汉语普通话,5.7
category,爱情,这个杀手不太冷 /杀手莱昂 / 终极追杀令,1994-09-14 / 让·雷诺 / 娜塔丽·波曼 / 加里·奥德曼 / 丹尼·爱罗 / 麦温·勒·贝斯柯 / 法国 / 吕克·贝松 / 110 分钟 / France: 136 分钟(uncut version) / 133 分钟(International version) / Turkey: 100 分钟(TV version) / 这个杀手不太冷 / 犯罪 / 剧情 / 惊悚...,9.4
category,爱情,爱 /LOVE / Love,2012-02-13(中国大陆) / 2012-02-10(台湾) / 赵薇 / 舒淇 / 阮经天 / 赵又廷 / 钮承泽 / 陈意涵 / 郭采洁 / 彭于晏 / 凤小岳 / 台湾 / 中国大陆 / 2012allinlove.com / 钮承泽 / 128分钟(台湾) / 120分钟(中国大陆) / 爱 / 剧情 / 爱情 / 曾莉婷 Li-ting Tseng /...,7.0
category,爱情,剪刀手爱德华 /幻海奇缘 / 剪刀手爱德华,1990-12-06 / 约翰尼·德普 / 薇诺娜·瑞德 / 安东尼·迈克尔·豪尔 / 黛安·韦斯特 / 凯西·贝克 / 美国 / 蒂姆·波顿 / 105 分钟 / 剪刀手爱德华 / 剧情 / 奇幻 / 爱情 / Caroline Thompson / Tim Burton / 英语,8.7
category,爱情,春娇与志明 /志明与春娇2 / Love in The Buff,2012-03-29(香港) / 2012-03-30(中国大陆) / 杨千嬅 / 余文乐 / 杨幂 / 徐峥 / 谷德昭 / 郑伊健 / 陈逸宁 / 司徒慧焯 / 黄晓明 / 詹瑞文 / 田蕊妮 / 王馨平 / 郝蕾 / 谷祖琳 / 王太利 / 邵音音 / 曾国祥 / 尹志文 / 彭浩翔 / 魏雨琦 / 香港 / 中国大陆...,7.4
category,爱情,和莎莫的500天 /心跳(500)天(港) / 恋夏(500日)(台),2009-07-17 / 约瑟夫·高登-莱维特 / 佐伊·丹斯切尔 / 克拉克·格雷格 / 马修·格雷·古柏勒 / 吉奥弗瑞·阿伦德 / 科洛·莫瑞兹 / 美国 / www.foxsearchlight.com/500daysofsummer / 马克·韦布 / 95分钟 / 和莎莫的500天 / 喜剧 / 剧情 / 爱情 / Scott Neustadter...,8.0
category,爱情,暮光之城4：破晓(上) /暮色4：破晓(上) / 吸血新世纪4：破晓传奇上集(港),2011-11-18(美国) / 2012-10-23(中国大陆) / 罗伯特·帕丁森 / 克里斯汀·斯图尔特 / 泰勒·洛特纳 / 杰克逊·拉斯波恩 / 阿什丽·格林尼 / 安娜·肯德里克 / 妮基·瑞德 / 彼得·费辛利 / 美国 / www.breakingdawn-themovie.com / 比尔·康顿 / 117分钟 / 暮光之城4：破晓(上)...,5.7
category,爱情,两小无猜 /敢爱就来 / 宝贝游戏,2003-09-17(法国) / 吉约姆·卡内 / 玛丽昂·歌迪亚 / 法国 / 比利时 / 杨·塞谬尔 / 93 分钟 / 两小无猜 / 喜剧 / 剧情 / 爱情 / 杨·塞谬尔 Yann Samuell / 法语,8.4
category,爱情,罗马假日 /金枝玉叶 / 罗马假期,1953-08-27 / 奥黛丽·赫本 / 格利高里·派克 / 埃迪·艾伯特 / Hartley Power / Harcourt Williams / 美国 / 威廉·惠勒 / 118 分钟 / Portugal: 117 分钟(cut version) / 罗马假日 / 喜剧 / 剧情 / 爱情 / Ian McLellan Hunter / John Dighton / 英语 / 意大利语,8.9
category,爱情,搜索 /Caught in the Web,2012-07-06(中国大陆) / 高圆圆 / 姚晨 / 赵又廷 / 陈红 / 王学圻 / 王珞丹 / 陈燃 / 张译 / 中国大陆 / 陈凯歌 / 121分钟 / 剧情 / 爱情 / 悬疑 / 陈凯歌 Kaige Chen / 唐大年 Danian Tang / 汉语普通话,7.1
category,爱情,爱在黎明破晓前 /日出之前 / 情留半天,1995-01-27(美国) / 伊桑·霍克 / 朱莉·德尔佩 / 安德莉亚·埃克特 / Hanno Pöschl / 美国 / 奥地利 / 瑞士 / 理查德·林克莱特 / 105分钟 / 爱在黎明破晓前 / 剧情 / 爱情 / 理查德·林克莱特 Richard Linklater / Kim Krizan / 英语 / 德语 / 法语,8.7
category,爱情,晚秋 /Late Autumn / Full Autumn,2012-03-23(中国大陆) / 2011-02-17(韩国) / 2011-06-17(美国) / 汤唯 / 玄彬 / 金俊成 / 詹姆斯·C·伯恩斯 / 韩国 / 美国 / 香港 / 金泰勇 / 115分钟 / 晚秋 / 剧情 / 金泰勇 Tae-Yong Kim / 英语 / 韩语 / 汉语普通话,6.6
category,爱情,傲慢与偏见 /傲慢与偏见2005 / Pride And Prejudice,2005-09-16(英国) / 凯拉·奈特莉 / 马修·麦克费登 / 唐纳德·萨瑟兰 / 布兰达·布莱斯 / 凯瑞·穆里根 / 罗莎蒙德·派克 / 吉娜·马隆 / 妲露拉·莱莉 / 西蒙·伍兹 / 鲁伯特·弗兰德 / 朱迪·丹奇 / 汤姆·霍兰德 / 英国 / 乔·怀特 / 129 分钟...,8.2
category,爱情,霸王别姬 /再见，我的妾 / Farewell My Concubine,1993-01-01(香港) / 张国荣 / 张丰毅 / 巩俐 / 葛优 / 英达 / 蒋雯丽 / 吴大维 / 吕齐 / 雷汉 / 尹治 / 马明威 / 费振翔 / 智一桐 / 李春 / 赵海龙 / 李丹 / 童弟 / 中国大陆 / 香港 / 陈凯歌 / 171 分钟 / 剧情 / 爱情 / 战争 / 同性 / 音乐 / 李碧华...,9.4
category,爱情,情书 /When I Close My Eyes / Letters of Love,1995-03-25(日本) / 中山美穗 / 酒井美纪 / 柏原崇 / 丰川悦司 / 光石研 / 范文雀 / 篠原胜之 / 加贺麻理子 / 日本 / 岩井俊二 / 117分钟 / 情书 / 剧情 / 爱情 / 岩井俊二 Shunji Iwai / 日语,8.7
category,爱情,真爱至上 /爱是您，爱是我(台) / 真的恋爱了(港),2003-11-07 / 休·格兰特 / 柯林·菲尔斯 / 艾玛·汤普森 / 凯拉·奈特莉 / 连姆·尼森 / 托马斯·桑斯特 / 比尔·奈伊 / 马丁·弗瑞曼 / 劳拉·琳妮 / 艾伦·瑞克曼 / 克里斯·马歇尔 / 罗德里格·桑托罗 / 罗温·艾金森 / 比利·鲍伯·松顿 / 玛汀·麦古基安...,8.5
category,爱情,爱在日落黄昏时 /日落之前 / 情留相逢时,2004-07-02 / 伊桑·霍克 / 朱莉·德尔佩 / 弗农·多布切夫 / 美国 / 理查德·林克莱特 / 80 分钟 / 爱在日落黄昏时 / 剧情 / 爱情 / 理查德·林克莱特 Richard Linklater / 朱莉·德尔佩 Julie Delpy / 伊桑·霍克 Ethan Hawke / Kim Krizan / 英语 / 法语,8.7
category,爱情,听说 /Hear Me / 听说,2009-08-28 / 彭于晏 / 陈意涵 / 陈妍希 / 林美秀 / 台湾 / 郑芬芬 / 109分钟 / 听说 / 爱情 / 郑芬芬 Fenfen Cheng / 汉语普通话 / 台湾手语 / 台语,8.0
category,爱情,初恋50次 /第50次求婚 / 每天爱你第1次,2004-02-13(美国) / 亚当·桑德勒 / 德鲁·巴里摩尔 / 罗伯·施奈德 / 西恩·奥斯汀 / 陈英明 / 美国 / 彼得·西格尔 / 99 分钟 / 初恋50次 / 喜剧 / 爱情 / George Wing / 英语 / 夏威夷语 / 土耳其语,7.7
category,爱情,我的野蛮女友 /我的淘气女友 / 猎奇女友,2001-07-27 / 车太贤 / 全智贤 / 金仁文 / 金太贤 / 任豪 / 金一宇 / 宋玉淑 / 韩国 / South Korea: 123 分钟 / South Korea: 137 分钟(director's cut) / Philippines: 122 分钟 / 我的野蛮女友 / 喜剧 / 剧情 / 爱情 / 郭在容 / 金浩植 / 英语 / 韩语,7.8
category,爱情,他其实没那么喜欢你 /其实你不懂他的心 / 收错爱情风,2009-02-06(美国) / 詹妮弗·安妮斯顿 / 本·阿弗莱克 / 詹妮弗·康纳利 / 布莱德利·库珀 / 斯嘉丽·约翰逊 / 凯文·康诺利 / 德鲁·巴里摩尔 / 贾斯汀·朗 / 金妮弗·古德温 / 美国 / 德国 / 荷兰 / 肯·卡皮斯 / 129 分钟 / 他其实没那么喜欢你...,7.6
category,爱情,本杰明·巴顿奇事 /奇幻逆缘(港) / 返老还童,2008-12-25(美国) / 布拉德·皮特 / 凯特·布兰切特 / 塔拉吉·P·汉森 / 蒂尔达·斯文顿 / 朱莉娅·奥蒙德 / 艾丽·范宁 / 美国 / 大卫·芬奇 / 166分钟 / 本杰明·巴顿奇事 / 剧情 / 爱情 / 悬疑 / 奇幻 / 艾瑞克·罗斯 Eric Roth / Robin Swicord / 弗·司各特·菲茨杰拉德...,8.5
category,爱情,志明与春娇 /谈恋爱 / Love in a Puff,2010-03-25(香港) / 2010-06-18(中国大陆) / 杨千嬅 / 余文乐 / 司徒慧焯 / 方皓玟 / 谷祖琳 / 缪非临 / 黄德斌 / 张达明 / 徐天佑 / 邹凯光 / 谷德昭 / 周振辉 / 香港 / www.mediaasia.com/loveinapuff / 彭浩翔 / 104 分钟(香港) / 志明与春娇 / 喜剧 / 剧情...,8.1
category,爱情,乱世佳人 /飘 / 乱世佳人,1939-12-15 / 克拉克·盖博 / 费雯·丽 / 托马斯·米切尔 / 海蒂·麦克丹尼尔斯 / 奥利维娅·德哈维兰 / 美国 / 维克多·弗莱明 / 乔治·库克 / 山姆·伍德 / USA: 238 分钟(restored DVD version) / Sweden: 223 分钟(1969 re-release) / Sweden: 234 分钟(1985 re-release)...,9.2
category,爱情,机器人总动员 /太空奇兵·威E(港) / 瓦力(台),2008-06-27(美国) / 本·贝尔特 / 艾丽莎·奈特 / 杰夫·格尔林 / 佛莱德·威拉特 / 美国 / disney.go.com/disneypictures/wall-e/ / 安德鲁·斯坦顿 / 98分钟 / 机器人总动员 / 喜剧 / 爱情 / 科幻 / 动画 / 冒险 / 安德鲁·斯坦顿 Andrew Stanton / 吉姆·里尔顿...,9.2
category,爱情,暮光之城 /暮色 / 吸血新世纪(港),2008-11-21(美国) / 2009-11-25(中国大陆) / 克里斯汀·斯图尔特 / 罗伯特·帕丁森 / 比利·伯克 / 阿什丽·格林尼 / 妮基·瑞德 / 泰勒·洛特纳 / 艾迪·盖瑟吉 / 美国 / 凯瑟琳·哈德威克 / 122分钟 / 暮光之城 / 剧情 / 爱情 / 惊悚 / 奇幻 / 梅莉莎·罗森伯格...,7.1
category,爱情,单身男女 /Don’t Go Breaking My Heart / 单身男女,2011-03-31(中国大陆) / 古天乐 / 吴彦祖 / 高圆圆 / 林雪 / 尹子维 / 李诗韵 / 贾晓晨 / 中国大陆 / 香港 / 杜琪峰 / 115分钟 / 单身男女 / 喜剧 / 爱情 / 韦家辉 Ka-Fai Wai / 游乃海 Nai-Hoi Yau / 欧文杰 / 陈伟斌 / 汉语普通话 / 粤语,6.7
category,爱情,假如爱有天意 /不可不信缘 / 缘起不灭,2003-01-30 / 孙艺珍 / 曹承佑 / 赵寅成 / 李己雨 / 徐英姬 / 孙艺珍 / 韩国 / 127 分钟 / 假如爱有天意 / 爱情 / 郭在容 / 韩语,8.1
category,爱情,断背山 /断臂山 / BBM,2005-12-16(美国) / 希斯·莱杰 / 杰克·吉伦哈尔 / 米歇尔·威廉姆斯 / 安妮·海瑟薇 / 凯特·玛拉 / 兰迪·奎德 / 琳达·卡德里尼 / 安娜·法瑞丝 / 格拉汉姆·贝克尔 / 斯科特·迈克尔·坎贝尔 / 大卫·哈伯 / Peter McRobbie / 加拿大 / 美国 / www.brokebackmountain.com...,8.2
category,爱情,英国病人 /英伦情人(台) / 别问我是谁(港),1996-11-15 / 拉尔夫·费因斯 / 克里斯汀·斯科特·托马斯 / 朱丽叶·比诺什 / 威廉·达福 / 纳威恩·安德利维斯 / 柯林·菲尔斯 / 美国 / 英国 / 安东尼·明格拉 / 162分钟 / 英国病人 / 爱情 / 剧情 / 战争 / 迈克尔·翁达杰 Michael Ondaatje / 安东尼·明格拉...,8.4
category,爱情,雏菊 /爱无间 / 黛西,2006-03-09(韩国) / 全智贤 / 郑雨盛 / 李成宰 / 姜大卫 / 林迪安 / 韩国 / 香港 / 刘伟强 / 110分钟 / 124分钟(导演剪辑版) / 雏菊 / 剧情 / 爱情 / 郭在容 Jae-young Kwak / 庄文强 Felix Chong / 普通话 / 英语 / 韩语,7.7
category,爱情,天使爱美丽 /艾蜜莉的异想世界(台) / 天使艾米莉,2001-04-25 / 奥黛丽·塔图 / 马修·卡索维茨 / 贾梅尔·杜布兹 / 多米尼克·皮诺 / Isabelle Nanty / 友兰达·梦露 / 法国 / 德国 / 让-皮埃尔·热内 / 122 分钟 / 129 分钟(法国) / 天使爱美丽 / 喜剧 / 奇幻 / 爱情 / Guillaume Laurant / Jean-Pierre Jeunet /...,8.9
category,爱情,听风者 /The Silent War,2012-08-07(中国大陆) / 梁朝伟 / 周迅 / 范晓萱 / 王学兵 / 董勇 / 甘婷婷 / 单立文 / 中国大陆 / 香港 / 麦兆辉 / 庄文强 / 120分钟 / 剧情 / 悬疑 / 麦兆辉 Alan Mak / 庄文强 Felix Chong / 麦家 Jia Mai / 汉语普通话 / 粤语,6.6
category,爱情,西游记大结局之仙履奇缘 /大话西游之大圣娶亲 / 西游记完结篇仙履奇缘,1995-02-04(香港) / 周星驰 / 朱茵 / 莫文蔚 / 吴孟达 / 罗家英 / 蔡少芬 / 蓝洁瑛 / 刘镇伟 / 中国大陆 / 香港 / 95分钟 / 动作 / 冒险 / 喜剧 / 奇幻 / 爱情 / 刘镇伟 Jeffrey Lau / 粤语 / 普通话,8.9
category,爱情,诺丁山 /摘星奇缘(港) / 新娘百分百(台),1999-05-28 / 朱莉娅·罗伯茨 / 休·格兰特 / 瑞斯·伊凡斯 / James Dreyfus / 英国 / 美国 / 罗杰·米歇尔 / 124 分钟 / 诺丁山 / 喜剧 / 爱情 / Richard Curtis / 英语 / 西班牙语,7.8
category,爱情,时间旅行者的妻子 /时空旅人之妻 / 时光旅的恋人,2009-08-14(美国) / 瑞秋·麦克亚当斯 / 艾瑞克·巴纳 / 阿莱克斯·费瑞斯 / 艾利斯·霍华德 / 米歇尔·诺尔顿 / 布鲁克琳·普劳克斯 / 朗·里维斯顿 / 塔图姆·麦克凯恩 / 美国 / 罗伯特·斯文克  / 107 分钟 / 时间旅行者的妻子 / 剧情 / 奇幻...,7.5
category,爱情,天使的性 /天使性物语 / 天使之性,2012-05-08(西班牙) / 阿斯特丽德·伯格斯-弗瑞斯贝 / Llorenç González / 阿尔瓦罗·塞万堤斯 / 西班牙 / 巴西 / www.elsexodelosangeles.es/imagenes.html / Xavier Villaverde / 102分钟 / 天使的性 / 剧情 / 爱情 / 情色 / 同性 / Xavier Villaverde / 西班牙语 / 加泰罗尼亚语...,6.5
category,爱情,不能说的秘密 /不能说的·秘密 / Secret,2007-07-27(台湾) / 2007-07-31(中国大陆) / 周杰伦 / 桂纶镁 / 黄秋生 / 曾恺玹 / 中国大陆 / 香港 / 台湾 / 周杰伦 / 101 分钟 / 剧情 / 奇幻 / 音乐 / 爱情 / 杜致朗 / 汉语普通话,7.2
category,爱情,甜蜜蜜 /Comrades, Almost a Love Story,1996-11-02(香港) / 黎明 / 张曼玉 / 杨恭如 / 曾志伟 / 杜可风 / 香港 / 陈可辛 / 118 分钟(加拿大) / 116 分钟(台湾) / 剧情 / 爱情 / 岸西 / 英语 / 汉语普通话 / 粤语,8.6
category,爱情,恋爱假期 /恋爱没有假期 / 缘分精华游,2006-12-08(美国) / 卡梅隆·迪亚茨 / 凯特·温丝莱特 / 裘德·洛 / 杰克·布莱克 / 埃里·瓦拉赫 / 爱德华·伯恩斯 / 卢夫斯·塞维尔 / 詹姆斯·弗兰科 / 达斯汀·霍夫曼 / 琳赛·露安 / 美国 / 南希·迈耶斯 / 138分钟 / 恋爱假期 / 喜剧 / 爱情...,7.5
category,爱情,画皮 /Painted Skin,2008-09-25(香港) / 2008-09-26(中国大陆) / 陈坤 / 周迅 / 赵薇 / 甄子丹 / 孙俪 / 戚玉武 / 柳岩 / 中国大陆 / 香港 / 新加坡 / 103分钟 / 118分钟(导演剪辑版) / 画皮 / 动作 / 剧情 / 惊悚 / 刘浩良 / 邝文伟 / 陈嘉上 / 汉语普通话,6.3
category,爱情,山楂树之恋 /山楂树 / Under the Hawthorn Tree,2010-09-16(中国大陆) / 周冬雨 / 窦骁 / 奚美娟 / 李雪健 / 姜瑞佳 / 于新博 / 萨日娜 / 成泰燊 / 吕丽萍 / 孙海英 / 王劲松 / 中国大陆 / 张艺谋 / 114分钟 / 剧情 / 爱情 / 尹丽川  Lichuan Yin / 顾小白 Xiaobai Gu / 阿美 / 艾米 / 汉语普通话,6.4
category,爱情,将爱情进行到底 /将爱 电影版 / 对你爱爱爱不完(豆友译名),2011-02-12(中国大陆) / 李亚鹏 / 徐静蕾 / 王学兵 / 杜汶泽 / 何洁 / 程伊 / 优恵 / 陈明 / 宁浩 / 冯砾 / 王芸 / 赵薇 / 中国大陆 / 张一白 / 103分钟 / 剧情 / 爱情 / 沈巍 Wei Shen / 邢爱娜 Aina Xing / 某小丫 / 黄子珈 / 汉语普通话,6.4
category,爱情,我脑中的橡皮擦 /我脑海中的橡皮擦 / 拥抱这分钟(港),2004-11-05(韩国) / 郑雨盛 / 孙艺珍 / 白钟学 / 韩国 / 李载汉 / 117分钟 / 144分钟(导演剪辑版) / 我脑中的橡皮擦 / 爱情 / 剧情 / 李载汉 John H. Lee / Yeong-ha Kim / 韩语,7.7
category,爱情,我们的存在(下) /我们的存在 后篇 / We Were Here: Part 2,2012-04-21(日本) / 生田斗真 / 吉高由里子 / 高冈苍甫 / 本仮屋唯佳 / 小松彩夏 / 柄本佑 / 比嘉爱未 / 日本 / bokura-movie.com / 三木孝浩  / 121分钟 / 我们的存在(下) / 剧情 / 爱情 / 小畑友纪 / 吉田智子 Tomoko Yoshida / 日语,7.2
category,爱情,前度 /前任 / 前那个,2010-06-10(香港) / 2010-12-30(广东) / 陈伟霆 / 钟欣桐 / 诗雅 / 曾国祥 / 周俊伟 / 向佐 / 杜汶泽 / 香港 / 麦曦茵 / 95 分钟(香港) / 爱情 / 麦曦茵 Heiward Mak / 粤语,7.0
category,爱情,爱在暹罗 /暹罗之恋 / 爱在暹罗广场,2007-11-22 / 维特韦西特·希安旺库 / 马里奥·毛瑞尔 / 赖拉·邦雅淑 / 坎雅·拉坦娜佩琦 / Chanidapa Pongsilpipat / 泰国 / 楚克‧萨克瑞科 / 150分钟 / 170分钟(导演剪辑版) / 爱在暹罗 / 剧情 / 爱情 / 同性 / Chukiat Sakveerakul / 泰语,8.3
category,爱情,史密斯夫妇 /史密斯行动 / 史密夫决战史密妻,2005-06-10(美国) / 布拉德·皮特 / 安吉丽娜·朱莉 / 文斯·沃恩 / 亚当·布罗迪 / 克里斯·韦兹 / 凯丽·华盛顿 / 米歇尔·莫娜汉 / 美国 / 道格·里曼 / 120分钟 / 史密斯夫妇 / 喜剧 / 动作 / 爱情 / 西蒙·金伯格 Simon Kinberg / 英语 / 西班牙语...,7.3
category,爱情,曾经 /一奏倾情(港) / 曾经。爱是唯一(台),2007-03-23(爱尔兰) / 格伦·汉塞德 / 玛可塔·伊尔格洛娃 / George Hendrick / 爱尔兰 / www.foxsearchlight.com/once / 约翰·卡尼 / 85 分钟 / 曾经 / 剧情 / 音乐 / 爱情 / 约翰·卡尼 John Carney / 英语 / 捷克语,8.4
category,爱情,恋空 /戀空 / Sky of Love,2007-11-03 / 新垣结衣 / 三浦春马 / 小出惠介 / 香里奈 / 日本 / Japan: 129 分钟 / Singapore: 120 分钟 / 恋空 / 剧情 / 爱情 / 渡边睦月 / 日语,6.9
category,爱情,泰坦尼克号 3D版 /泰坦尼克号 / 铁达尼号 3D版,2012-04-04(美国) / 2012-04-10(中国大陆) / 莱昂纳多·迪卡普里奥 / 凯特·温丝莱特 / 比利·赞恩 / 凯西·贝茨 / 弗兰西丝·费舍 / 格劳瑞亚·斯图尔特 / 苏茜·爱米斯 / 比尔·帕克斯顿 / 伯纳德·希尔 / 维克多·加博 / 伊万·斯图尔特 / 詹姆斯·卡梅隆...,9.4
category,爱情,西游记第一百零一回之月光宝盒 /大话西游之月光宝盒 / 西游记101回月光宝盒,1995-01-21(香港) / 周星驰 / 吴孟达 / 朱茵 / 罗家英 / 蓝洁瑛 / 莫文蔚 / 刘镇伟 / 蔡少芬 / 香港 / 中国大陆 / 刘镇伟 / 87分钟 / 115分钟(德国) / 动作 / 冒险 / 喜剧 / 奇幻 / 爱情 / 刘镇伟 Jeffrey Lau / 粤语 / 汉语普通话,8.8
category,爱情,魂断蓝桥 /滑铁卢桥 / 魂断蓝桥,1940-05-17 / 费雯·丽 / 罗伯特·泰勒 / 露塞尔·沃特森 / 弗吉尼亚·菲尔德 / Maria Ouspenskaya / 美国 / 茂文·勒鲁瓦 / 108 分钟 / 魂断蓝桥 / 剧情 / 战争 / 爱情 / George Froeschel / Hans Rameau / Robert E. Sherwood / S.N. Behrman / 英语,8.7
category,爱情,飞屋环游记 /冲天救兵(港) / 天外奇迹(台),2009-05-29(美国) / 克里斯托弗·普卢默 / 约翰·拉岑贝格 / 爱德华·阿斯纳 / 乔丹·长井 / 美国 / 彼特·道格特 / 96分钟 / 飞屋环游记 / 剧情 / 喜剧 / 动画 / 奇幻 / 冒险 / 鲍勃·彼德森 Bob Peterson / 英语,8.8
category,爱情,全城热恋 /全城热恋热辣辣 / 热辣辣,2010-02-11(中国大陆) / 张学友 / 刘若英 / 谢霆锋 / 徐熙媛 / 吴彦祖 / 徐若瑄 / 井柏然 / 杨颖 / 段奕宏 / 付辛博 / 诗雅 / 刘家辉 / 余文乐 / 张曼玉 / 蔡卓妍 / 吕燕 / 中国大陆 / 美国 / 英国 / 夏永康 / 陈国辉 / 93分钟 / 喜剧 / 爱情 / 陈国辉...,6.3
category,爱情,倩女幽魂 /倩女幽魂(87版) / A Chinese Ghost Story,1987-07-18(香港) / 2011-04-30(中国大陆) / 张国荣 / 王祖贤 / 午马 / 刘兆铭 / 林威 / 薛芷伦 / 胡大为 / 王晶 / 香港 / 程小东 / 98分钟(香港) / 92分钟(美国) / 动作 / 爱情 / 奇幻 / 惊悚 / 恐怖 / 鬼怪 / 阮继志 Kai-Chi Yun / 粤语,8.4
category,爱情,暮光之城2：新月 /暮色2：新月 / 吸血新世纪2：新月传奇(港),2009-11-20(美国) / 克里斯汀·斯图尔特 / 罗伯特·帕丁森 / 泰勒·洛特纳 / 达科塔·范宁 / 安娜·肯德里克 / 美国 / www.newmoonthemovie.com / 克里斯·韦兹 / 130分钟 / 暮光之城2：新月 / 剧情 / 爱情 / 惊悚 / 奇幻 / Melissa Rosenberg / 英语,6.1
category,爱情,秒速五厘米 /秒速5cm / 秒速5公分,2007-03-03(日本) / 水桥研二 / 尾上绫华 / 花村怜美 / 日本 / 5cm.yahoo.co.jp / 新海诚 / 63分钟 / 秒速五厘米 / 动画 / 剧情 / 爱情 / 新海诚 Makoto Shinkai / 日语,8.5
category,爱情,暖暖内含光 /无痛失恋(港) / 王牌冤家(台),2004-03-19(美国) / 金·凯瑞 / 凯特·温丝莱特 / 克斯汀·邓斯特 / 伊利亚·伍德 / 马克·鲁弗洛 / 汤姆·威尔金森 / 大卫·克罗斯 / 美国 / 米歇尔·冈瑞 / 108分钟 / 暖暖内含光 / 剧情 / 爱情 / 科幻 / 查理·考夫曼 Charlie Kaufman / 英语,8.4
category,爱情,西雅图夜未眠 /缘份的天空 / 西雅图不眠夜,1993-06-25 / 汤姆·汉克斯 / 梅格·瑞恩 / 比尔·普尔曼 / 丽塔·威尔逊 / 维克多·加博 / 美国 / 诺拉·艾芙隆 / 105 分钟 / 西雅图夜未眠 / 喜剧 / 爱情 / 剧情 / Nora Ephron / 英语,7.8
category,爱情,爱情与灵药 /爱情药不药(台) / 爱情恋上瘾(港),2010-11-24(美国) / 安妮·海瑟薇 / 杰克·吉伦哈尔 / 朱迪·格雷尔 / 美国 / 爱德华·兹威克 / 113分钟 / 爱情与灵药 / 喜剧 / 爱情 / Charles Randolph / 英语,6.9
category,爱情,贫民窟的百万富翁 /贫民百万富翁(台) / 一百万零一夜(港),2009-01-09(英国) / 戴夫·帕特尔 / 芙蕾达·平托 / 亚尼·卡普 / 沙鲁巴·舒克拉 / 英国 / 丹尼·鲍尔 / 洛芙琳·坦丹 / 120 分钟 / 贫民窟的百万富翁 / 剧情 / 爱情 / 西蒙·比尤弗伊 Simon Beaufoy / 维卡斯·史瓦卢普 Vikas Swarup / 英语 / 北印度语...,8.4
category,爱情,建筑学概论 /初恋筑迹101(港) / Architecture 101,2012-03-22(韩国) / 李济勋 / 严泰雄 / 韩佳人 / 裴秀智 / 高俊熙 / 韩国 / 李勇周 / 118分钟 / 建筑学概论 / 爱情 / 李勇周 Yong-Joo Lee / 韩语,7.3
category,爱情,超凡蜘蛛侠 /蜘蛛侠：惊世现新(港) / 蜘蛛人：惊奇再起(台),2012-07-03(美国) / 2012-08-27(中国大陆) / 安德鲁·加菲尔德 / 艾玛·斯通 / 瑞斯·伊凡斯 / 马丁·辛 / 莎莉·菲尔德 / C·托马斯·豪威尔 / 丹尼斯·利瑞 / 朱丽安妮·尼科尔森 / 坎贝尔·斯科特 / 安妮·帕里西 / 伊尔凡·可汗 / 迈尔斯·艾略特...,7.1
category,爱情,午夜巴塞罗那 /情遇巴塞隆纳 / 情迷巴塞罗那,2008-09-19(西班牙) / 丽贝卡·豪尔 / 斯嘉丽·约翰逊 / 哈维尔·巴登 / 佩妮洛普·克鲁兹 / 克里斯·梅西纳 / 派翠西娅·克拉克森 / Julio Perillán / 西班牙 / 美国 / 伍迪·艾伦 / 96 分钟 / 午夜巴塞罗那 / 剧情 / 爱情 / 伍迪·艾伦 Woody Allen /...,7.7
category,爱情,青蛇 /Green Snake / 青蛇,1993-11-04(香港) / 张曼玉 / 王祖贤 / 赵文卓 / 吴兴国 / 马精武 / 田丰 / 刘洵 / 香港 / 徐克 / 99分钟 / 青蛇 / 剧情 / 奇幻 / 古装 / 李碧华 Lilian Lee Pik-Wah / 徐克 Hark Tsui / 粤语,8.2
category,爱情,成为简·奥斯汀 /珍爱来临 / 成为简,2007-03-09(英国) / 安妮·海瑟薇 / 詹姆斯·麦卡沃伊 / 朱丽·沃特斯 / 詹姆斯·克伦威尔 / 玛吉·史密斯 / 劳伦斯·福克斯 / 英国 / 朱里安·杰拉德 / 120 分钟 / 成为简·奥斯汀 / 传记 / 剧情 / 爱情 / Sarah Williams / Kevin Hood / 简·奥斯汀 Jane...,8.0
category,爱情,黑暗面 /镜中人 / The Hidden Face,2011-09-16(西班牙) / 奎姆·古铁雷兹 / 克拉拉·拉戈 / 玛蒂娜·加西亚 / 哥伦比亚 / 西班牙 / www.lacaraoculta.es / 安德雷斯·拜兹 / 95分钟 / 黑暗面 / 剧情 / 悬疑 / 惊悚 / 安德雷斯·拜兹 Andrés Baiz / 哈特姆·科莱切 Hatem Khraiche / 西班牙语,7.9
category,爱情,非诚勿扰2 /不省心 / If You Are The One 2,2010-12-22(中国大陆) / 葛优 / 舒淇 / 孙红雷 / 姚晨 / 安以轩 / 邵兵 / 廖凡 / 邬逸聪 / 关晓彤 / 窦文涛 / 赵宝刚  / 乐嘉 / 张馨予 / 张涵予 / 李晨 / 中国大陆 / 香港 / 冯小刚 / 120分钟 / 喜剧 / 爱情 / 王朔 Shuo Wang / 冯小刚 Xiaogang Feng / 汉语普通话...,6.3
category,爱情,海角七号 /Cape No. 7,2008-08-22 / 范逸臣 / 田中千绘 / 中孝介 / 林宗仁 / 马念先 / 民雄 / 林晓培 / 马如龙 / 台湾 / Taiwan: 129 分钟 / 海角七号 / 喜剧 / 剧情 / 爱情 / 魏德圣 / 汉语普通话 / 闽南语 / 日语 / 英语,7.4
category,爱情,人鬼情未了 /第六感生死恋 / 幽灵,1990-07-13 / 帕特里克·斯威兹 / 黛米·摩尔 / 托尼·戈德温 / 乌比·戈德堡 / 美国 / 杰瑞·扎克 / 127 分钟 / 人鬼情未了 / 剧情 / 奇幻 / 悬疑 / 爱情 / 惊悚 / Bruce Joel Rubin / 英语,8.1
category,爱情,第一次 /First Time,2012-06-08(中国大陆) / 杨颖 / 赵又廷 / 江珊 / 赵树海 / 田原 / 赵英俊 / 袁咏琳 / 白百何 / 黄轩 / 中国大陆 / 韩延 / 107分钟 / 爱情 / 韩延 Yan Han / 汉语普通话,5.9
category,爱情,附注：我爱你 /P.S. 我爱你 / 留给最爱的情书,2007-12-21(美国) / 希拉里·斯万克 / 杰拉德·巴特勒 / 凯西·贝茨 / 莉莎·库卓 / 吉娜·格申 / 杰弗里·迪恩·摩根 / 小哈里·康尼克 / 美国 / 理查德·拉·格拉文斯 / 126 分钟 / 附注：我爱你 / 剧情 / 爱情 / 理查德·拉·格拉文斯 Richard LaGravenese...,8.0
category,爱情,暮光之城3：月蚀 /暮色3：月食 / 吸血新世纪3：月蚀传奇(港),2010-06-30(美国) / 克里斯汀·斯图尔特 / 罗伯特·帕丁森 / 泰勒·洛特纳 / 比利·伯克 / 阿什丽·格林尼 / 杰克逊·拉斯波恩 / 妮基·瑞德 / 凯南·鲁兹 / 伊莉莎白·里瑟 / 彼得·费辛利 / 吉尔·伯明翰 / 克里斯蒂·瑟拉图斯 / 安娜·肯德里克...,6.0
category,爱情,万有引力 /The Law of Attraction,2011-04-08(中国大陆) / 文章 / 白百何 / 郭涛 / 张静初 / 戴立忍 / 莫文蔚 / 段博文 / 黄幻 / 中国大陆 / 香港 / www.yinliren.com/ / 赵天宇 / 97分钟 / 万有引力 / 剧情 / 喜剧 / 爱情 / 悬疑 / 赵天宇 Tianyu Zhao / 阿美 / 汉语普通话,6.5
category,爱情,冷山 /乱世情天 / 冷峰,2003-12-25(美国) / 裘德·洛 / 妮可·基德曼 / 芮妮·齐薇格 / 菲利普·塞默·霍夫曼 / 娜塔丽·波曼 / 吉奥瓦尼·瑞比西 / 唐纳德·萨瑟兰 / 杰克·怀特 / 美国 / 安东尼·明格拉 / 154 分钟 / 冷山 / 剧情 / 爱情 / 战争 / Anthony Minghella / Charles...,7.8
category,爱情,朗读者 /为爱朗读(港) / 生死朗读,2008-12-12(美国-limited) / 凯特·温丝莱特 / 大卫·克劳斯 / 拉尔夫·费因斯 / 美国 / 德国 / 史蒂芬·戴德利 / 124 分钟 / 朗读者 / 剧情 / 爱情 / 戴维·黑尔 David Hare / 本哈德·施林克 Bernhard Schlink / 英语 / 德语 / 希腊语 / 拉丁语,8.4
category,爱情,给朱丽叶的信 /茱丽叶爱情信箱(港) / 致茱莉亚的信,2010-05-14 / 阿曼达·塞弗里德 / 盖尔·加西亚·贝纳尔 / 克里斯托弗·艾甘 / 瓦妮莎·雷德格瑞夫 / 马西娅·德波尼斯 / 美国 / 106分钟（美国） / 给朱丽叶的信 / Jose Rivera / Tim Sullivan / 英语,7.4
category,爱情,不再让你孤单 /美丽人生 / A Beautiful Life,2011-05-13(中国大陆) / 刘烨 / 舒淇 / 田亮 / 冯丹滢 / 香港 / 中国大陆 / www.mediaasia.com/abeautifullife / 刘伟强 / 124分钟 / 不再让你孤单 / 剧情 / 爱情 / 邓洁明 / 汉语普通话 / 粤语,6.7
category,爱情,当哈利遇到莎莉 /90男欢女爱 / 当哈利遇到萨莉,1989-07-21 / 梅格·瑞恩 / 比利·克里斯托 / 凯丽·费雪 / 布鲁诺·柯比 / 美国 / 罗伯·莱纳 / 96 分钟 / Turkey: 89 分钟(TV version) / 当哈利遇到莎莉 / 喜剧 / 剧情 / 爱情 / 诺拉·艾芙隆 Nora Ephron / 英语,8.1
category,爱情,卡萨布兰卡 /北非谍影 / 卡萨布兰卡,1942-11-26 / 亨弗莱·鲍嘉 / 英格丽·褒曼 / 保罗·亨雷德 / 克劳德·雷恩斯 / 美国 / 迈克尔·柯蒂斯 / 102 分钟 / 卡萨布兰卡 / 剧情 / 爱情 / 战争 / Julius J. Epstein / Philip G. Epstein / Howard Koch / Casey Robinson / 英语 / 法语 / 德语,8.6
category,爱情,我的机器人女友 /我的女友是机器人 / 我的机械人女友,2008-05-31(日本) / 绫濑遥 / 小出惠介 / 桐谷健太 / 日本 / cyborg.gyao.jp / 郭在容 / 115 分钟 / 103 分钟(韩国) / 120 分钟(日本) / 我的机器人女友 / 科幻 / 动作 / 喜剧 / 爱情 / 郭在容 Jae-young Kwak / 日语,7.1
category,爱情,BJ单身日记 /布雷吉特·琼斯的日记 / BJ单身日记,2001-04-04(英国) / 芮妮·齐薇格 / 柯林·菲尔斯 / 休·格兰特 / 吉姆·布劳德本特 / 英国 / 法国 / 沙朗·马奎尔 / 97 分钟 / BJ单身日记 / 喜剧 / 剧情 / 爱情 / Richard Curtis / Andrew Davies / 英语,7.5
category,爱情,逆世界 /颠倒世界(台) / 逆天奇缘(港),2012-08-23(俄罗斯) / 2012-12-10(美国) / 2013-04(中国大陆) / 克斯汀·邓斯特 / 吉姆·斯特吉斯 / 斯黛拉·麦薇 / 尼尔·纳皮尔 / Agnieshka Wnorowska / 加拿大 / 法国 / 朱安·索兰纳 / 100分钟 / 逆世界 / 爱情 / 科幻 / 朱安·索兰纳 Juan Diego Solanas / 英语...,6.3
category,爱情,珍珠港 /Tennessee,2001-05-25(美国) / 本·阿弗莱克 / 乔什·哈奈特 / 凯特·贝金赛尔 / 小库珀·古丁 / 强·沃特 / 亚历克·鲍德温 / 詹妮弗·加纳 / 迈克尔·珊农 / 杰米·金 / 美国 / 迈克尔·贝 / 183分钟 / 184分钟(导演剪辑版) / 珍珠港 / 动作 / 剧情 / 爱情 /...,7.5
category,爱情,爱疯了 /疯一样的男子(台) / 爱是痴狂,2011-10-28(美国) / 安东·尤金 / 菲丽希缇·琼斯 / 詹妮弗·劳伦斯 / 查理·比尤利 / 阿莉克丝·金斯顿 / Finola Hughes / 克里斯·梅西纳 / Ben York Jones / 杰米·托马斯·金 / 美国 / 德雷克·多雷穆斯 / 90分钟 / 爱疯了 / 剧情 / 爱情 / 德雷克·多雷穆斯...,6.8
category,爱情,你好，陌生人 /只爱陌生人 / 冬日恋爱,2010-08-19 / 德·辰塔维 塔纳西维 / 努娜能提妲莎彭 / 德·辰塔维 塔纳西维 / 泰国 / 班庄·比辛达拿刚 / 130分钟 / 你好，陌生人 / 喜剧 / 爱情 / Banjong Pisanthanakun / 辰塔维·塔纳西维 Chantavit Dhanasevi / 泰语,7.6
category,爱情,廊桥遗梦 /麦迪逊之桥(港/台),1995-06-02 / 克林特·伊斯特伍德 / 梅丽尔·斯特里普 / 维克多·斯勒扎克 / Jim Haynie / 美国 / 克林特·伊斯特伍德 / 135 分钟 / 廊桥遗梦 / 剧情 / 爱情 / Richard LaGravenese / Robert James Waller / 英语,8.4
category,爱情,蓝色情人节 /有人喜欢蓝(港),2010-12-27(澳大利亚) / 瑞恩·高斯林 / 米歇尔·威廉姆斯 / 费丝·瓦拉迪卡 / 约翰·道曼 / 迈克·沃格尔 / 美国 / www.bluevalentinemovie.com / 德里克·斯安弗朗斯 / 112分钟 / 蓝色情人节 / 剧情 / 爱情 / 家庭 / 德里克·斯安弗朗斯 Derek Cianfrance...,7.7
category,爱情,蓝莓之夜 /我的蓝莓之夜 / 蓝莓之夜,2007-11-28(法国) / 诺拉·琼斯 / 裘德·洛 / 娜塔丽·波曼 / 蕾切尔·薇兹 / 大卫·斯特雷泽恩 / Katya Blumenberg / Chad R. Davis / 猫女魔力 / Benjamin Kanes / 中国大陆 / 香港 / 法国 / www.wkw-myblueberrynights.com / 王家卫 / 95 分钟 / 蓝莓之夜 / 剧情 / 爱情...,7.4
category,爱情,情人节 /缘满情人节 / 情人节快乐,2010-02-12 / 朱莉娅·罗伯茨 / 安妮·海瑟薇 / 杰西卡·阿尔芭 / 杰西卡·贝尔 / 布莱德利·库珀 / 詹妮弗·加纳 / 阿什顿·库彻 / 杰米·福克斯 / 奎恩·拉提法 / 凯西·贝茨 / 帕特里克·德姆西 / 埃里克·迪恩 / 艾玛·罗伯茨 / 雪莉·麦克雷恩...,7.0
category,爱情,蓝色大门 /蓝色夏恋 / Blue Gate Crossing,2002-09-27(台湾) / 桂纶镁 / 陈柏霖 / 梁淑慧 / 明金成 / 台湾 / 法国 / 易智言 / 85分钟 / 蓝色大门 / 剧情 / 爱情 / 同性 / 易智言 Chih-yen Yee / 汉语普通话,8.3
category,爱情,幸运符 /幸运缘是你(港) / 平安符,2012-04-20(美国) / 扎克·埃夫隆 / 泰勒·席林 / 布莱思·丹纳 / Jay R. Ferguson / Adam LeFevre / 美国 / theluckyonemovie.warnerbros.com/ / 斯科特·希克斯 / 101分钟 / 幸运符 / 剧情 / 爱情 / Will Fetters / 尼古拉斯·斯帕克斯 Nicholas Sparks / 英语,6.3
category,爱情,非常完美 /非常完美：夺爱大作战 / 苏菲的复仇,2009-08-14 / 章子怡 / 范冰冰 / 何润东 / 苏志燮 / 姚晨 / 林心如 / 中国 / 韩国 / 金依萌 / 107 分钟 / 喜剧 / 爱情 / 依萌 / 普通话/国语,6.0
category,爱情,我们的存在(上) /我们的存在 前篇 / We Were Here: Part 1,2012-03-17(日本) / 生田斗真 / 吉高由里子 / 高冈苍甫 / 本仮屋唯佳 / 麻生祐未 / 小松彩夏 / 须藤理彩 / 日本 / bokura-movie.com/index.html / 三木孝浩  / 123分钟 / 我们的存在(上) / 剧情 / 爱情 / 吉田智子 Tomoko Yoshida / 小畑友纪 Yûki Obata / 日语...,7.4
category,爱情,重庆森林 /Chungking Express,1994-07-14 / 林青霞 / 金城武 / 梁朝伟 / 王菲 / 周嘉玲 / 香港 / 王家卫 / 98 分钟(香港) / 102 分钟(国际版) / 重庆森林 / 喜剧 / 剧情 / 悬疑 / 爱情 / 王家卫 Kar Wai Wong / 粤语 / 汉语普通话 / 英语 / 日语,8.6
category,爱情,爱再来一次 /如果能再爱一次 / 假如…再爱一次,2004-01-23(美国萨拉索塔电影节) / 詹妮弗·洛芙·休伊特 / 保罗·尼科尔斯 / 汤姆·威尔金森 / 美国 / 英国 / 吉尔·约格尔 / 92 分钟 / 爱再来一次 / 喜剧 / 剧情 / 奇幻 / 爱情 / Christina Welsh / 英语,7.8
category,爱情,花样年华 /In the Mood for Love,2000-09-29 / 梁朝伟 / 张曼玉 / 潘迪华 / 张耀扬 / 孙佳君 / 钱似莺 / 香港 / 法国 / www.inthemoodforlove-wkw.com/ / 王家卫 / 98 分钟 / 花样年华 / 剧情 / 爱情 / 王家卫 Kar Wai Wong / 粤语 / 上海话,8.2
category,爱情,HOLD住爱 /Holding Love,2012-08-23(中国大陆) / 杨幂 / 刘恺威 / 周秀娜 / 王景春 / 吴岱融 / 王骁 / 中国大陆 / 张琦 / 98分钟 / 喜剧 / 爱情 / 悬疑 / 张琦 Qi Zhang / 黄苇 Wei Huang / 赵犇 Ben Zhao / 汉语普通话,3.1
category,爱情,西西里的美丽传说 /玛莲娜 / 真爱伴我行,2000-10-27 / 莫妮卡·贝鲁奇 / 圭塞佩·苏尔法罗 / 意大利 / 美国 / 朱塞佩·托纳多雷 / 109 分钟 / USA: 92 分钟(heavily cut) / Turkey: 84 分钟(TV version) / 西西里的美丽传说 / 剧情 / 爱情 / 战争 / 朱塞佩·托纳多雷 Giuseppe Tornatore / 卢西亚诺·文森佐尼...,8.5
category,爱情,月升王国 /小学鸡私奔记(港) / 月亮王国,2012-05-16(戛纳电影节) / 2012-05-25(美国) / 杰瑞德·吉尔曼  / 卡拉·海沃德 / 布鲁斯·威利斯 / 爱德华·诺顿 / 弗兰西斯·麦克多蒙德 / 蒂尔达·斯文顿 / 比尔·默瑞 / 詹森·舒瓦兹曼 / 哈威·凯特尔 / 美国 / www.moonrisekingdom.com / 韦斯·安德森...,8.2
category,爱情,我愿意 /I Do,2012-02-10(中国大陆) / 李冰冰 / 孙红雷 / 段奕宏 / 薛佳凝 / 张俪 / 中国大陆 / 孙周 / 106分钟 / 喜剧 / 爱情 / 陈彤 Tong Chen / 汉语普通话,5.6
category,爱情,炮友 /好友万万睡(台) / 恋搞好朋友(港),2011-07-22(美国) / 贾斯汀·汀布莱克 / 米拉·库妮丝 / 艾玛·斯通 / 伍迪·哈里森 / 安迪·萨姆伯格 / 理查·詹金斯 / 派翠西娅·克拉克森 / 珍娜·艾夫曼 / 拉什达·琼斯 / 布赖恩·加连保格 / 大卫·瓦尔顿 / 诺兰·古德 / 美国 / www.fwb-movie.com...,6.4
category,爱情,爱情无线牵 /饭饭之交(台) / 枕边无情人(港),2011-01-21 / 娜塔丽·波曼 / 阿什顿·库彻 / 奥莉薇·瑟尔比 / 格蕾塔·葛韦格 / 凯文·克莱恩 / 奥菲利亚·拉维邦德 / 美国 / 伊万·雷特曼 / 108分钟 / 爱情无线牵 / 喜剧 / 爱情 / Elizabeth Meriwether / 英语,6.5
category,爱情,只有你 /看不见的爱 / Always,2011-10-20 / 苏志燮 / 韩孝珠 / 朴哲民 / 韩国 / 宋一坤 / 108分钟(韩国) / 只有你 / 剧情 / 爱情 / 宋一坤 Il-gon Song / 韩语,7.3
category,爱情,幸福终点站 /机场客运站(港) / 爱你无国界,2004-06-09 / 汤姆·汉克斯 / 凯瑟琳·泽塔-琼斯 / 史坦利·图齐 / 迭戈·鲁纳 / 齐·麦克布赖德 / 佐伊·索尔达娜 / 美国 / 史蒂文·斯皮尔伯格 / 128 分钟 / 幸福终点站 / 喜剧 / 剧情 / 爱情 / Sacha Gervasi / Jeff Nathanson / 安德鲁·尼科尔 Andrew Niccol...,8.4
category,爱情,天使之城 /X情人 / 天使多情,1998-04-10 / 尼古拉斯·凯奇 / 梅格·瑞恩 / 安德鲁·布劳尔 / 丹尼斯·弗兰茨 / 美国 / 德国 / 布拉德·塞伯宁 / 114 分钟 / 天使之城 / 剧情 / 爱情 / 奇幻 / Dana Stevens / 英语,7.9
category,爱情,爱情呼叫转移,2007-02-08(中国大陆) / 徐峥 / 刘仪伟 / 宁静 / 白冰 / 伊能静 / 车永莉 / 沈星 / 宋佳 / 范冰冰 / 瞿颖 / 姜鸿波 / 黄圣依 / 龚蓓苾 / 秦海璐 / 中国大陆 / 张建亚 / 120分钟 / 喜剧 / 爱情 / 刘仪伟 Yiwei Liu / 束焕 / 汉语普通话,6.2
category,爱情,如果·爱 /Perhaps Love,2005-12-01(中国大陆) / 周迅 / 金城武 / 张学友 / 池珍熙 / 曾志伟 / 吴君如 / 中国大陆 / 香港 / 马来西亚 / 陈可辛 / 108 分钟 / 剧情 / 歌舞 / 爱情 / 杜国威 / 林爱华 / 阮世生 James Yuen / 方晴 / 汉语普通话 / 粤语 / 英语,7.5
category,爱情,燃情岁月 /秋日传奇 / 真爱一世情,1994-12-16(美国) / 安东尼·霍普金斯 / 布拉德·皮特 / 朱莉娅·奥蒙德 / 艾丹·奎因 / 卡琳娜·隆巴德 / 亨利·托马斯 / 美国 / 爱德华·兹威克 / 133分钟 / 燃情岁月 / 剧情 / 爱情 / 家庭 / 战争 / 西部 / William D. Wittliff / Susan Shilliday / 英语,8.7
category,爱情,挪威的森林 /挪威森林 / Norwegian Wood,2010-12-11(日本) / 2011-09-16(中国大陆) / 松山健一 / 菊地凛子 / 水原希子 / 高良健吾 / 玉山铁二 / 雾岛丽香 / 初音映莉子 / 日本 / 陈英雄 / 133分钟(日本) / 95分钟(中国大陆) / 挪威的森林 / 剧情 / 爱情 / 陈英雄 Anh Hung Tran / 日语,5.7
category,爱情,面纱 /爱在遥远的附近(港) / 猜心(台),2006-12-29(中国大陆) / 娜奥米·沃茨 / 爱德华·诺顿 / 黄秋生 / 列维·施瑞博尔 / 托比·琼斯 / 夏雨 / 美国 / 中国大陆 / 加拿大 Canada / 约翰·卡兰 / 125 分钟 / 面纱 / 剧情 / 爱情 / Ron Nyswaner / W. Somerset Maugham / 英语 / 汉语普通话 / 法语,7.9
category,爱情,末日情缘 /末日倒数缘结时(港) / 在世界末日前找个伴,2012-06-22(美国) / 史蒂夫·卡瑞尔 / 凯拉·奈特莉 / 亚当·布罗迪 / 威廉·彼德森 / 罗伯·考德瑞 / 德瑞克·卢克 / 托德·约瑟夫·米勒 / 康妮·布里登 / 帕顿·奥斯瓦尔特 / 梅林达·狄龙 / 美国 / 劳伦·斯卡法莉娅 / 101分钟 / 末日情缘 / 喜剧...,6.2
category,爱情,分手信 /分手的情书(港) / 亲爱的约翰,2010-02-05 / 阿曼达·塞弗里德 / 查宁·塔图姆 / 理查·詹金斯 / 斯科特·波特 / 美国 / 莱塞·霍尔斯道姆 / 108 分钟 / 分手信 / 剧情 / 爱情 / 战争 / Jamie Linden / 英语,6.9
category,爱情,独自等待 /Waiting Alone,2005-09-08(中国大陆) / 夏雨 / 李冰冰 / 龚蓓苾 / 高旗 / 吴超 / 中国大陆 / 伍仕贤 / 107 分钟 / 喜剧 / 爱情 / 剧情 / 伍仕贤 Dayyan Eng / 汉语普通话,7.9
category,爱情,全球热恋 /Love In Space,2011-09-08(中国大陆) / 刘若英 / 郭富城 / 陈奕迅 / 桂纶镁 / 杨颖 / 井柏然 / 徐帆 / 刘金山 / 杜海涛 / 中国大陆 / 香港 / 陈国辉 / 夏永康 / 104分钟 / 全球热恋 / 喜剧 / 爱情 / 陈国辉 Tony Chan / 何敏文 Lucretia Ho / 汉语普通话 / 粤语,5.4
category,爱情,天生爱情狂 /Natural Born Lovers / Natural Lovers,2012-10-25(香港) / 2012-11-09(中国大陆) / 张智霖 / 刘心悠 / 廖羽翘 / 黄智雯 / 梁烈唯 / 叶熙祺 / 陈柏宇 / 苟芸慧 / 香港 / 叶念琛 / 106分钟 / 104分钟(中国大陆) / 天生爱情狂 / 喜剧 / 爱情 / 叶念琛 Patrick Kong / 粤语,6.1
category,爱情,萤火之森 /萤火之社 / Hotarubi no mori e,2011-09-17(日本) / 内山昂辉 / 日本 / www.hotarubi.info / 大森贵弘 / 44分钟 / 萤火之森 / 剧情 / 爱情 / 动画 / 奇幻 / 短片 / 绿川幸 Yuki Midorikawa / 日语,8.7
category,爱情,假结婚 /爱情限时签 / 求婚的恶魔,2009-06-19 / 桑德拉·布洛克 / 瑞恩·雷诺兹 / 玛丽·斯汀伯根 / 格雷格·T·尼尔森 / 贝蒂·怀特 / 美国 / 安妮·弗莱彻 / 108 分钟 / 假结婚 / 喜剧 / 剧情 / 爱情 / Pete Chiarelli / 英语,6.9
category,爱情,偷心 /靠近 / 偷情,2004-12-03(美国) / 裘德·洛 / 朱莉娅·罗伯茨 / 克里夫·欧文 / 娜塔丽·波曼 / 美国 / 迈克·尼科尔斯 / 104 分钟 / Turkey: 98 分钟(TV version) / 偷心 / 剧情 / 爱情 / Patrick Marber / 英语,7.7
category,爱情,午夜巴黎 /午夜·巴黎(台) / 情迷午夜巴黎(港),2011-05-13(西班牙) / 2011-06-10(美国) / 2012(中国大陆) / 欧文·威尔逊 / 玛丽昂·歌迪亚 / 瑞秋·麦克亚当斯 / 汤姆·希德勒斯顿 / 凯西·贝茨 / 麦克·辛 / 寇瑞·斯托尔 / 咪咪·肯尼迪 / 柯特·富勒 / 卡拉·布吕尼 / 艾德里安·布洛迪 / 加德·艾尔马莱...,8.0
category,爱情,神话 /惊天传奇 / 钛雨,2005-09-23(香港) / 成龙 / 金喜善 / 梁家辉 / 玛丽卡·沙拉瓦特 / 孙周 / 邵兵 / 于荣光 / 谭耀文 / 中国大陆 / 香港 / www.themyth.jce.com / 唐季礼 / 117 分钟(菲律宾) / 122 分钟(香港) / 118 分钟(多伦多电影节) / 神话 / 动作 / 冒险 / 喜剧 / 剧情...,5.9
category,爱情,向左走．向右走 /Turn Left, Turn Right,2003-09-11(香港) / 金城武 / 梁咏琪 / 关颖 / 陈之财 / 林雪 / 许绍雄 / 香港 / 新加坡 / 杜琪峰 / 韦家辉 / 95分钟 / 爱情 / 韦家辉 Ka-Fai Wai / 游乃海 Nai-Hoi Yau / 欧健儿 Kin-Yee Au / 叶天成 Tin-Shing Yip / 几米 Jimmy Liao / 汉语普通话 / 粤语 / 波兰语...,6.7
category,爱情,布达佩斯之恋 /忧郁的星期天 / 忧郁星期天,1999-10-21 / 艾丽卡·莫露珊 / 约阿希姆·科尔 / 斯特法诺·迪奥尼斯 / 本·贝克 / András Bálint / 德国 / 匈牙利 / 诺夫·舒贝尔 / 112 分钟 / Argentina: 113 分钟(Mar del Plata Film Festival) / 布达佩斯之恋 / 爱情 / 剧情 / Nick Barkow / Rolf Schübel / Ruth...,8.6
category,爱情,我的初恋情人 /属于你的我的初恋 / 最美的我的初恋,2009-10-24 / 井上真央 / 冈田将生 / 杉本哲太 / 原田夏希 / 堀内敬子 / 山本学 / 日本 / 122 分钟 / 我的初恋情人 / 剧情 / 青木琴美 / 坂东贤治 / 日语,7.2
category,爱情,美丽心灵 /美丽境界 / 有你终生美丽,2001-12-21(美国) / 罗素·克劳 / 詹妮弗·康纳利 / 艾德·哈里斯 / 克里斯托弗·普卢默 / 保罗·贝坦尼 / 亚当·戈德堡 / 乔什·卢卡斯 / 美国 / 朗·霍华德 / 135 分钟 / 美丽心灵 / 传记 / 剧情 / 阿齐瓦·高斯曼 Akiva Goldsman / 西尔维娅·纳萨尔...,8.8
category,爱情,时间规划局 /止时纪 / 潜逃时空(港),2011-10-28(美国) / 2012(中国大陆) / 阿曼达·塞弗里德 / 贾斯汀·汀布莱克 / 希里安·墨菲 / 文森特·卡塞瑟 / 亚历克斯·帕蒂弗 / 约翰尼·盖尔克奇 / 奥利维亚·王尔德 / 马修·波莫 / 美国 / www.intimemovie.com/ / 安德鲁·尼科尔 / 109分钟 / 时间规划局...,6.6
category,爱情,一夜迷情 /昨夜无眠 / 一夜诱情(港),2011-02-16(法国) / 2011-10-14(中国大陆) / 凯拉·奈特莉 / 萨姆·沃辛顿 / 伊娃·门德斯 / 吉约姆·卡内 / 格里芬·邓恩 / 斯蒂芬尼·罗曼诺夫 / 斯科特·安第斯 / 丹尼尔·艾瑞克·高德 / 史蒂夫·安托努奇 / Justine Cotsonas / 美国 / 法国 / 梅西·塔吉丁...,7.0
category,爱情,云水谣 /The Knot,2006-12-01(中国大陆) / 陈坤 / 徐若瑄 / 李冰冰 / 归亚蕾 / 秦汉 / 中国大陆 / 台湾 / 117分钟(台湾) / 剧情 / 爱情 / 战争 / 刘恒 / 汉语普通话,6.7
category,爱情,赎罪 /爱．诱．罪 / 赎罪,2007-09-07(英国) / 詹姆斯·麦卡沃伊 / 凯拉·奈特莉 / 西尔莎·罗南 / 萝玛拉·嘉瑞 / 瓦妮莎·雷德格瑞夫 / 朱诺·坦普尔 / 本尼迪克特·康伯巴奇 / 英国 / 法国 / 乔·怀特 / 123分钟 / 赎罪 / 剧情 / 悬疑 / 爱情 / 战争 / 克里斯托弗·汉普顿...,7.9
